N,P,K,temperature,humidity,ph,rainfall,label
107,50,62,27.87,71.61,6.65,129.68,cotton
60,65,75,23.64,71.81,6.43,78.47,tomato
76,65,68,21.97,48.89,6.07,82.27,garlic
72,67,56,14.8,68.34,6.73,81.66,garlic
89,70,71,25.02,81.18,6.42,55.63,tomato
52,51,55,20.14,52.03,6.93,109.88,wheat
51,28,76,31.83,39.65,7.55,76.94,pomegranate
128,52,137,24.36,72.09,6.64,153.15,banana
68,22,41,34.83,58.08,6.56,64.97,cashew
59,68,77,20.56,60.57,6.27,111.93,tomato
54,71,39,23.63,59.88,6.54,82.6,kidney beans
65,38,91,33.68,67.99,7.01,119.08,mango
58,28,59,30.71,89.63,6.9,174.21,jute
18,46,39,25.77,61.45,6.45,64.17,groundnut
119,42,109,27.52,89.77,5.93,196.35,coconut
56,54,60,18.76,58.55,5.91,120.37,apple
100,56,63,28.94,75.89,5.4,259.73,rubber
105,68,89,27.47,71.23,6.44,115.48,papaya
141,46,80,24.34,85.4,6.82,234.35,sugarcane
71,27,61,32.15,42.12,7.43,49.65,pomegranate
101,54,75,15.02,81.73,6.79,71.98,cabbage
92,41,87,24.98,63.86,5.48,192.87,coffee
83,73,111,19.96,74.36,5.99,112.95,potato
106,60,136,31.01,85.69,6.89,176.91,banana
68,65,77,17.39,68.03,6.88,105.86,cauliflower
92,70,64,14.49,81.74,6.11,89.1,cabbage
53,65,60,20.12,57.13,6.21,86.11,wheat
158,67,100,31.8,66.14,6.64,208.7,sugarcane
75,55,77,13.11,71.13,6.98,115.45,cabbage
63,39,85,28.71,77.38,5.79,176.32,black pepper
19,56,59,25.13,53.98,5.78,68.23,groundnut
57,35,38,28.97,92.2,7.23,213.53,jute
87,47,90,24.31,89.04,6.0,193.13,cocoa
103,49,70,21.67,80.19,5.58,247.1,tea
48,39,55,24.57,94.44,6.5,166.96,jute
36,59,38,18.98,48.65,6.67,98.86,wheat
103,45,52,26.84,80.87,7.07,217.71,rice
67,30,66,32.33,60.53,6.54,37.83,pomegranate
81,46,81,25.32,68.31,5.48,204.43,coffee
55,24,20,30.21,35.87,7.85,15.54,pearl millet
93,69,57,13.01,62.33,6.15,80.98,cabbage
53,63,80,15.54,69.63,5.92,126.76,apple
65,53,46,23.33,57.55,6.47,109.66,sunflower
96,43,73,22.73,76.55,5.42,226.89,tea
47,30,27,16.96,61.74,7.44,89.8,barley
94,32,98,22.89,90.73,5.29,194.76,black pepper
117,36,84,22.55,95.91,5.57,242.43,tea
92,48,55,16.83,60.9,6.22,72.26,cabbage
9,50,37,29.68,56.11,6.75,62.12,groundnut
41,68,49,23.39,81.25,6.83,150.73,soybean
14,59,37,28.53,80.01,6.07,154.78,soybean
44,50,46,21.61,64.28,6.89,68.86,kidney beans
29,46,59,31.38,63.33,5.71,78.48,watermelon
82,37,53,23.95,57.09,6.18,85.64,sunflower
103,63,107,22.41,83.1,5.91,116.33,potato
59,33,64,29.64,38.91,7.51,60.88,pomegranate
94,35,75,31.98,62.5,7.25,81.38,mango
66,45,46,18.24,66.94,6.51,50.11,mustard
108,80,99,15.72,75.28,6.07,76.08,potato
70,51,69,34.81,49.57,6.8,61.51,pomegranate
108,49,49,27.39,54.8,6.6,112.03,cotton
68,31,70,33.05,56.57,6.39,124.68,mango
58,59,71,26.38,55.06,6.38,85.64,chili pepper
71,53,91,31.38,65.14,6.82,89.86,mango
83,52,75,24.53,68.51,5.8,98.59,orange
85,47,126,27.46,68.97,5.79,161.94,coconut
101,71,103,27.72,85.5,6.94,142.24,papaya
59,16,28,34.17,45.51,8.08,43.37,pearl millet
34,46,51,28.74,80.82,6.34,205.61,jute
57,57,52,25.22,50.92,6.06,85.0,watermelon
158,63,100,28.51,82.81,6.23,177.73,sugarcane
19,57,60,23.9,54.31,6.84,105.6,groundnut
54,47,46,26.88,57.13,6.48,96.69,sunflower
66,52,90,25.5,70.39,6.16,205.26,black pepper
117,59,138,25.59,75.95,6.12,187.58,banana
97,52,84,19.18,84.89,5.72,282.73,tea
34,65,42,22.71,66.96,5.85,105.18,kidney beans
50,34,24,30.78,45.95,7.87,41.51,pearl millet
106,48,78,30.72,89.19,5.76,236.41,rubber
38,33,39,12.8,57.87,7.48,59.07,barley
21,57,61,24.39,60.77,6.08,49.06,watermelon
36,37,26,31.03,39.31,7.41,29.37,pearl millet
18,49,42,22.86,51.27,7.5,64.44,chickpea
91,61,38,26.48,68.64,6.19,103.54,maize
95,37,97,28.53,82.95,5.93,200.76,black pepper
64,71,74,24.82,63.86,6.24,86.96,grapes
99,33,37,28.96,83.6,6.43,226.05,rice
61,48,50,25.72,65.1,6.34,87.28,sunflower
102,37,119,28.13,89.27,6.9,180.79,banana
58,26,40,30.24,37.32,7.06,49.55,pearl millet
63,60,50,24.92,65.17,6.36,108.26,maize
55,67,50,19.01,54.59,6.29,82.14,wheat
62,71,35,19.89,55.97,7.32,113.13,wheat
110,46,96,27.58,72.7,5.8,151.61,cocoa
47,62,74,27.94,59.76,6.49,87.45,sunflower
114,43,68,26.89,91.26,5.0,214.15,rubber
78,50,58,15.13,57.96,6.84,68.2,garlic
94,56,47,21.06,87.61,6.26,234.8,rice
94,51,28,26.77,73.43,6.14,120.79,maize
57,15,21,32.65,40.81,7.64,30.58,pearl millet
68,23,38,29.58,84.91,7.15,196.24,jute
74,32,101,24.38,80.85,5.49,221.8,black pepper
41,24,46,27.58,57.32,6.45,60.61,cashew
58,48,64,25.65,49.46,6.79,90.46,chili pepper
47,45,35,13.71,51.53,7.09,43.43,mustard
29,47,42,23.18,50.47,7.24,42.35,chickpea
64,71,78,20.33,61.34,6.15,67.42,tomato
129,36,81,23.25,82.02,5.42,264.71,tea
61,71,71,20.98,59.88,6.09,111.13,cauliflower
65,42,70,29.82,62.26,7.06,84.99,chili pepper
120,50,72,27.93,94.86,5.6,247.85,rubber
83,66,73,29.86,69.65,6.61,56.77,chili pepper
68,70,83,24.3,62.41,6.74,84.91,onion
14,53,40,28.99,62.96,5.83,88.32,groundnut
91,28,84,22.09,75.89,5.76,222.71,black pepper
101,42,82,24.98,82.81,6.24,194.28,cocoa
70,73,78,12.62,63.89,6.19,100.7,apple
46,63,40,19.57,59.87,6.49,104.36,wheat
107,57,74,22.85,87.43,6.04,199.13,cocoa
39,59,60,26.06,62.72,6.76,73.5,watermelon
67,42,66,28.03,61.1,6.35,102.56,chili pepper
34,39,53,30.29,59.91,6.8,110.63,cashew
80,44,92,23.42,66.79,5.93,175.73,coffee
63,60,28,26.17,73.04,6.86,77.26,maize
78,47,91,17.71,64.34,6.79,102.62,onion
105,29,78,22.64,80.58,5.51,172.71,coffee
64,54,76,35.96,39.84,6.53,70.99,pomegranate
53,34,24,14.58,44.22,7.52,76.94,barley
76,38,42,29.33,39.01,7.18,67.24,sorghum
93,52,82,20.87,56.04,6.32,40.9,garlic
74,33,86,31.65,54.81,7.25,42.85,pomegranate
43,43,39,24.78,90.71,7.14,187.53,jute
72,78,73,24.67,68.52,6.25,96.57,tomato
83,46,43,30.19,50.53,7.04,32.61,sorghum
76,68,119,17.5,80.72,5.31,115.49,potato
73,56,75,23.53,55.13,6.78,90.62,grapes
51,29,47,20.2,62.33,7.16,61.0,mustard
62,39,58,28.29,71.13,6.52,98.72,cashew
99,41,75,26.97,83.42,6.61,193.99,cocoa
57,48,37,29.51,38.45,7.46,69.7,sorghum
61,46,32,26.51,55.02,7.55,64.68,sorghum
45,30,63,34.77,61.84,5.92,103.83,cashew
91,45,83,24.89,89.28,5.11,263.59,rubber
102,71,120,19.47,86.71,5.27,108.6,potato
94,50,101,31.32,70.86,6.06,162.74,papaya
36,67,50,20.81,51.06,5.71,90.81,kidney beans
88,57,67,18.43,78.58,6.42,98.1,cauliflower
153,45,90,25.94,66.45,6.72,211.89,sugarcane
78,30,56,25.57,79.34,6.84,243.45,rice
57,24,24,33.03,34.01,8.02,46.26,pearl millet
58,67,55,16.91,49.68,7.0,84.81,wheat
85,59,60,14.31,57.22,6.23,76.75,garlic
17,66,50,24.84,55.67,6.14,100.76,kidney beans
72,40,57,28.97,69.76,6.16,210.91,rice
100,53,72,25.17,77.42,4.89,218.07,rubber
125,44,47,28.78,61.0,7.4,136.46,cotton
60,46,68,28.3,61.57,6.89,69.01,sunflower
70,52,76,26.15,74.34,6.06,119.15,orange
56,40,26,18.18,60.6,6.75,67.88,barley
96,54,77,19.25,72.97,6.61,110.33,orange
93,55,57,28.43,69.31,6.37,75.04,chili pepper
62,61,72,17.91,49.51,6.65,53.46,garlic
109,29,40,23.71,88.68,6.2,206.41,rice
74,61,82,14.14,71.47,5.91,90.42,apple
108,46,72,29.5,69.76,6.75,143.39,cotton
94,52,86,20.15,60.64,6.36,67.89,onion
54,74,82,21.38,81.98,6.44,75.91,tomato
78,73,62,26.93,69.5,6.38,85.4,tomato
97,60,92,29.48,73.89,7.13,153.46,papaya
60,42,39,33.48,39.83,7.79,63.53,pearl millet
82,36,93,22.51,72.01,5.24,205.68,black pepper
33,30,52,28.32,78.26,7.02,204.56,jute
122,38,48,31.51,69.79,7.73,115.03,cotton
46,30,51,31.19,66.36,6.04,65.55,cashew
17,79,44,21.75,71.27,6.45,84.24,kidney beans
66,30,93,30.74,53.79,7.13,118.59,mango
110,55,74,27.95,66.23,7.06,140.31,cotton
64,73,68,15.53,63.04,6.23,106.86,apple
66,68,83,18.02,55.47,6.88,92.81,onion
79,48,33,26.04,55.73,6.32,91.99,maize
44,47,91,22.49,60.32,6.19,55.59,grapes
101,46,83,28.71,80.8,5.62,257.91,rubber
101,72,87,25.57,63.92,6.24,126.8,papaya
92,54,89,18.59,73.6,6.54,61.85,cauliflower
87,54,72,21.48,56.61,6.82,59.04,garlic
60,49,75,35.28,59.1,6.95,59.57,pomegranate
110,62,119,16.46,72.62,6.35,86.31,potato
73,46,70,24.93,51.3,6.33,61.93,sunflower
51,21,52,33.05,55.42,6.56,93.3,cashew
44,53,36,23.83,70.9,6.39,60.1,kidney beans
101,52,59,31.21,74.99,6.82,120.12,cotton
41,25,53,29.48,96.25,6.67,175.58,jute
66,41,82,20.0,65.45,6.68,38.69,garlic
83,29,84,34.73,42.09,6.42,31.03,pomegranate
98,36,134,26.59,67.33,5.98,192.11,banana
34,44,39,31.7,57.17,6.6,106.12,cashew
113,53,133,25.78,71.85,6.0,198.71,coconut
55,22,44,26.44,89.88,7.13,209.84,jute
56,51,52,28.5,48.31,5.78,50.65,watermelon
67,62,80,19.45,70.0,6.58,63.4,cabbage
68,36,79,29.86,52.1,7.59,38.96,pomegranate
31,29,40,26.98,85.96,6.3,183.09,jute
133,63,99,28.36,70.71,6.3,214.66,sugarcane
78,50,114,27.9,64.77,6.04,121.91,papaya
45,54,75,13.4,58.45,5.98,134.81,apple
99,27,82,22.6,86.82,5.75,213.68,coffee
69,55,62,27.3,52.26,6.65,94.74,sunflower
56,49,43,27.83,47.48,7.3,61.06,sorghum
53,65,77,24.82,65.84,6.91,45.74,grapes
76,58,108,25.34,68.27,6.0,128.38,papaya
61,48,52,18.37,55.18,7.21,75.44,mustard
56,54,38,20.98,58.05,7.2,40.47,mustard
113,57,62,26.35,95.35,5.3,206.31,rubber
75,29,71,29.82,55.98,6.97,55.95,pomegranate
82,73,72,22.99,73.2,6.19,94.52,tomato
38,42,39,16.1,46.86,6.66,90.08,barley
55,43,31,17.29,54.38,7.04,48.18,barley
75,61,69,17.88,66.57,7.2,73.22,cabbage
84,60,62,16.55,70.26,6.28,74.55,cauliflower
90,60,96,23.58,72.11,6.65,103.66,orange
69,45,33,16.09,46.91,6.89,82.9,mustard
77,44,48,22.88,70.88,6.97,209.77,rice
122,49,84,23.28,84.11,5.44,234.3,rubber
67,68,70,23.05,63.5,6.81,100.29,grapes
77,88,99,18.33,77.18,6.16,110.7,potato
70,38,48,22.62,62.94,6.4,87.52,sunflower
41,61,28,17.66,59.74,6.5,90.58,kidney beans
30,67,58,14.85,58.2,6.41,122.48,wheat
14,37,58,25.59,75.18,5.81,90.3,groundnut
96,42,108,30.4,91.47,5.48,213.51,coconut
92,48,69,19.34,64.31,6.14,80.28,cabbage
128,54,56,31.31,72.7,7.78,114.72,cotton
56,51,31,19.6,56.28,7.07,47.39,barley
93,36,124,25.88,87.8,7.1,191.36,banana
84,28,76,35.92,58.41,6.61,82.54,pomegranate
16,51,51,26.38,79.55,6.11,130.64,soybean
53,76,30,21.79,52.32,6.37,108.03,kidney beans
74,64,78,20.19,63.33,6.3,59.53,grapes
119,39,108,26.5,83.81,5.5,163.6,coconut
72,34,54,18.14,53.17,6.65,45.92,mustard
80,87,98,18.29,64.1,5.51,88.85,potato
132,48,79,25.32,70.74,7.05,195.76,sugarcane
46,38,47,18.58,52.0,7.36,66.73,barley
42,73,44,23.22,68.76,6.48,76.51,kidney beans
42,38,44,31.71,51.99,7.3,65.61,pearl millet
75,58,63,13.61,61.89,7.08,108.52,cabbage
12,53,39,18.7,51.87,7.08,49.12,chickpea
11,65,39,22.73,63.96,6.43,125.81,soybean
68,69,86,19.74,70.37,6.23,111.18,tomato
86,59,63,17.34,81.02,6.69,100.06,cabbage
93,64,49,24.91,68.42,5.83,130.75,maize
81,36,100,19.19,63.49,6.3,121.58,orange
88,53,88,20.13,65.49,6.45,67.41,tomato
101,55,127,27.27,69.5,6.25,150.71,banana
57,69,56,12.27,51.27,5.91,133.21,apple
17,65,37,23.64,56.49,6.42,24.05,chickpea
101,65,117,16.29,69.88,5.5,120.36,potato
77,68,81,18.89,68.9,5.99,100.85,onion
75,71,80,19.87,80.51,6.56,89.36,cauliflower
59,30,72,30.53,47.34,6.95,28.96,pomegranate
38,51,48,14.23,56.07,7.01,89.26,wheat
47,47,26,14.07,52.31,7.16,65.98,barley
90,45,50,28.3,58.86,6.22,105.62,chili pepper
95,41,116,26.08,82.94,6.42,194.71,banana
94,32,85,27.11,95.86,5.21,227.75,rubber
93,45,60,17.12,80.77,4.9,240.65,tea
72,34,80,28.42,79.97,6.39,200.27,black pepper
75,68,70,18.27,76.78,6.97,91.48,cauliflower
65,76,87,20.23,66.5,6.48,88.42,cauliflower
57,21,34,30.81,84.01,6.31,185.61,jute
58,43,68,15.76,54.8,6.23,36.42,garlic
38,65,96,27.45,61.39,6.62,83.64,grapes
70,20,44,26.99,40.23,7.41,79.26,sorghum
85,76,96,22.96,78.89,5.98,71.18,potato
68,54,89,14.84,75.81,6.25,77.34,cauliflower
114,57,64,24.59,84.5,5.5,220.95,rubber
74,69,70,20.56,59.71,6.53,84.27,grapes
62,53,77,27.5,77.01,5.58,229.5,black pepper
97,32,79,33.86,51.94,6.27,120.55,mango
85,48,100,27.02,74.25,5.86,231.92,black pepper
47,28,53,34.4,68.57,7.09,103.36,cashew
99,48,69,25.83,73.12,5.77,216.17,rubber
22,51,39,20.29,47.38,7.16,70.07,chickpea
105,46,120,31.72,86.77,6.01,186.14,banana
44,38,40,25.4,86.41,6.18,207.56,jute
93,40,79,19.63,85.32,5.15,228.46,tea
116,40,74,16.42,82.92,5.46,231.03,tea
86,40,51,25.26,62.23,5.96,68.35,chili pepper
80,68,57,18.28,71.06,6.1,62.58,garlic
83,63,34,23.01,72.0,6.78,115.21,maize
78,42,97,22.62,58.9,6.98,90.5,orange
58,38,67,32.05,49.09,6.49,66.67,pomegranate
144,69,95,31.62,66.43,6.93,221.88,sugarcane
74,52,95,25.44,71.01,6.95,171.61,papaya
82,54,80,19.77,58.51,6.17,106.42,cabbage
109,57,87,27.0,66.95,6.37,152.56,papaya
121,43,129,25.04,86.55,6.62,194.71,banana
42,24,48,28.18,68.74,6.04,113.2,cashew
54,39,57,28.96,67.71,5.91,106.18,cashew
79,82,101,17.73,82.92,6.36,87.52,potato
89,29,70,18.42,80.8,6.03,199.74,coffee
13,57,62,25.03,76.08,6.24,73.83,groundnut
95,77,87,19.48,72.18,6.91,75.46,cauliflower
101,73,69,17.78,64.65,7.28,81.46,cabbage
68,31,55,31.05,54.31,6.95,95.95,cashew
41,51,80,13.79,65.81,5.63,138.48,apple
105,38,72,30.53,94.15,5.68,223.31,rubber
47,64,40,22.6,68.77,6.36,96.45,kidney beans
104,70,114,32.09,68.02,6.1,143.24,papaya
32,57,51,17.33,52.96,6.7,119.29,wheat
83,51,53,28.87,69.11,6.22,62.34,chili pepper
79,22,22,27.28,57.91,7.7,50.89,sorghum
101,46,94,28.49,86.03,6.91,133.67,papaya
104,48,76,21.15,89.64,5.33,236.54,tea
102,61,93,24.64,86.99,6.23,163.2,cocoa
41,21,40,27.89,85.64,6.25,207.59,jute
26,56,56,25.8,79.16,6.57,99.74,soybean
21,53,40,18.62,51.27,6.41,32.04,chickpea
65,42,31,31.56,89.19,7.17,171.66,jute
68,20,32,33.19,37.19,7.84,36.31,pearl millet
66,36,28,27.19,61.24,6.66,105.27,maize
47,53,52,16.23,48.48,7.07,32.87,mustard
72,57,61,18.12,69.98,6.36,137.77,apple
39,45,63,25.35,60.29,6.19,90.01,watermelon
102,46,103,23.81,62.81,5.95,104.31,orange
88,72,78,16.2,61.11,6.49,117.31,cabbage
95,30,41,24.63,90.89,6.95,210.8,rice
91,39,99,25.17,93.47,5.75,157.71,cocoa
59,65,58,19.25,69.6,6.68,93.03,garlic
74,71,60,19.14,76.14,6.6,63.86,cabbage
99,43,80,18.87,75.09,6.53,157.6,coffee
34,67,59,23.77,71.57,7.12,103.44,soybean
87,59,97,31.44,70.61,6.46,125.77,papaya
111,44,61,17.98,91.11,5.65,229.91,tea
112,85,109,19.07,85.11,5.41,104.71,potato
59,61,47,14.08,49.81,7.26,119.24,wheat
113,52,67,28.91,95.82,5.69,257.82,rubber
37,54,69,31.53,59.11,6.54,54.12,watermelon
77,60,54,26.64,60.57,6.26,119.74,sunflower
118,37,131,24.12,82.09,5.5,167.47,coconut
71,68,69,13.51,62.32,6.92,71.57,cauliflower
114,43,119,28.55,70.87,6.02,189.52,coconut
56,54,76,26.67,63.56,6.39,66.07,tomato
78,42,56,26.79,56.51,6.87,88.22,chili pepper
148,65,93,30.49,64.51,7.13,202.46,sugarcane
99,47,73,24.39,77.57,5.82,193.2,coffee
17,65,16,16.8,56.81,6.95,27.45,chickpea
21,54,45,19.33,51.48,5.96,104.9,kidney beans
108,50,54,30.65,64.36,7.24,110.53,cotton
87,45,64,17.16,79.44,6.84,62.56,cabbage
61,33,88,32.97,69.86,6.39,92.53,mango
101,46,65,19.54,79.15,5.17,237.12,tea
99,46,96,31.02,60.8,6.91,96.02,mango
34,69,63,14.86,48.62,6.57,105.64,wheat
73,44,79,27.99,63.94,6.26,67.3,chili pepper
46,30,49,26.61,87.24,6.94,215.51,jute
93,54,132,26.03,72.12,6.0,165.21,banana
91,52,63,16.85,69.49,6.25,64.61,cabbage
79,57,47,23.59,75.18,6.48,113.12,maize
76,54,63,28.45,63.51,7.05,63.17,chili pepper
63,59,82,19.72,50.48,6.09,69.28,garlic
110,34,73,17.3,96.77,5.49,242.95,tea
117,46,132,31.61,86.09,6.08,139.86,banana
79,78,100,22.44,72.43,5.75,116.89,potato
67,46,46,24.0,73.0,6.77,79.32,maize
46,64,67,24.86,45.31,5.78,46.52,watermelon
65,48,103,22.56,58.32,5.82,86.87,orange
78,65,68,17.43,63.24,6.11,80.77,onion
50,52,65,25.85,59.97,5.61,65.34,watermelon
74,74,72,18.14,79.02,6.17,74.59,cauliflower
66,30,102,24.95,89.67,6.39,231.05,black pepper
62,43,56,27.72,60.66,6.93,95.63,chili pepper
85,27,70,23.29,63.62,5.42,202.4,coffee
82,59,82,20.7,66.32,6.89,55.57,onion
97,65,82,17.7,64.21,5.96,76.23,onion
21,47,31,26.57,78.16,6.18,116.65,soybean
81,85,120,21.96,64.8,5.79,84.45,potato
48,58,88,23.2,57.7,6.0,70.67,grapes
98,55,119,27.96,81.11,6.53,152.44,banana
105,46,55,30.42,66.04,7.15,104.31,cotton
120,56,70,28.21,71.96,7.1,141.05,cotton
10,50,41,23.4,70.56,6.17,76.74,groundnut
78,36,49,26.23,48.88,7.12,100.02,sunflower
32,48,45,18.87,46.36,7.05,55.79,barley
59,46,60,30.78,58.69,6.63,80.58,watermelon
160,59,90,27.99,70.4,6.23,231.71,sugarcane
111,35,81,30.4,74.8,5.36,225.57,rubber
29,42,36,23.75,70.63,6.0,150.07,soybean
87,36,121,23.34,87.83,6.4,173.23,coconut
110,43,116,24.61,67.08,6.03,160.49,banana
81,74,76,19.73,72.53,6.61,92.06,onion
97,52,51,22.83,68.77,6.28,211.06,rice
63,56,83,16.94,59.22,6.72,116.96,apple
104,56,60,15.49,59.39,6.38,95.32,cabbage
95,43,34,25.71,87.43,5.91,243.35,rice
116,29,77,19.12,85.71,5.77,184.56,coffee
89,23,81,18.55,81.36,5.65,167.96,coffee
37,67,70,24.66,66.7,6.02,76.34,grapes
40,34,20,35.1,53.73,7.16,21.78,pearl millet
68,60,60,18.38,64.15,7.0,35.72,garlic
75,33,26,30.26,57.29,6.94,32.02,sorghum
95,33,55,27.88,69.7,6.19,235.14,rice
53,32,47,12.85,61.89,6.76,45.19,barley
87,45,90,31.65,70.24,6.73,102.43,mango
102,72,62,17.63,59.63,7.15,118.09,cabbage
74,61,66,22.63,72.7,6.33,96.67,onion
30,54,23,16.6,42.87,7.34,55.08,chickpea
76,38,34,18.73,61.69,6.79,62.86,mustard
28,46,38,22.49,76.05,6.8,100.14,soybean
61,51,39,18.04,56.12,7.12,86.57,barley
84,60,71,19.8,60.64,6.07,87.26,onion
77,48,72,26.14,57.67,5.91,98.45,chili pepper
13,51,41,27.19,59.21,6.28,93.8,groundnut
71,57,67,19.14,66.69,6.55,99.89,cauliflower
88,55,107,32.07,68.39,6.33,140.2,papaya
55,55,72,27.37,65.24,6.25,66.85,sunflower
76,39,71,33.14,58.01,6.77,104.69,mango
103,51,91,24.27,84.68,5.99,148.44,cocoa
91,71,62,12.58,80.75,7.19,102.19,cabbage
63,53,27,20.12,55.01,7.24,47.9,mustard
17,71,54,22.57,52.62,6.15,99.44,kidney beans
91,35,56,23.95,95.43,4.68,281.03,tea
129,41,69,23.51,93.43,5.16,236.57,tea
86,46,79,17.41,67.48,7.18,75.7,garlic
83,32,84,20.99,66.66,6.51,159.03,coffee
34,64,52,27.14,76.84,6.06,68.02,groundnut
48,56,54,30.96,50.99,6.75,35.92,watermelon
60,17,22,29.24,48.72,7.96,33.56,pearl millet
97,72,63,13.27,68.35,6.83,114.4,cauliflower
30,46,50,33.94,64.78,6.68,82.36,cashew
113,37,78,28.65,77.39,5.88,252.91,rubber
79,66,65,17.72,76.88,6.43,105.76,cabbage
51,41,35,16.29,52.19,6.78,61.54,mustard
28,46,35,21.84,58.32,6.47,25.17,chickpea
56,29,37,35.12,42.15,7.24,52.9,pearl millet
116,63,124,29.85,83.62,7.05,169.15,banana
31,45,33,13.43,65.77,7.19,98.06,barley
77,45,95,27.93,89.66,5.95,153.65,cocoa
66,55,80,18.71,59.66,5.62,136.58,apple
102,48,62,23.41,82.78,5.07,243.0,rubber
90,76,86,13.12,60.9,6.32,88.27,cauliflower
70,62,56,17.93,67.76,6.73,113.27,apple
60,49,76,20.73,57.22,6.9,100.91,grapes
68,16,38,28.57,44.28,7.13,65.49,pearl millet
41,24,48,34.08,50.24,6.76,108.06,cashew
75,44,35,22.66,57.04,6.41,81.84,maize
78,40,75,27.9,74.53,6.19,188.77,cocoa
8,67,32,19.07,61.12,6.78,28.39,chickpea
48,31,40,30.76,50.99,7.06,109.84,cashew
60,57,82,14.3,51.4,6.78,63.27,garlic
36,30,47,30.8,64.53,6.09,96.8,cashew
48,49,47,19.08,63.81,7.19,55.92,mustard
104,34,79,24.81,82.49,5.06,230.7,rubber
114,30,107,29.73,79.42,6.21,165.76,coconut
50,55,53,20.12,56.28,6.59,118.08,kidney beans
50,61,51,24.62,46.9,5.89,85.08,watermelon
60,73,40,14.16,51.66,6.35,105.17,wheat
107,29,42,21.55,86.25,6.82,202.7,rice
74,52,60,28.01,66.89,6.72,87.1,sunflower
46,65,43,18.78,57.49,6.35,87.64,kidney beans
50,54,82,27.01,60.46,6.01,83.17,grapes
93,33,73,30.88,66.77,7.34,124.42,mango
47,44,25,15.19,61.27,6.4,70.87,mustard
54,20,39,30.5,45.58,7.03,39.29,sorghum
94,40,74,27.08,88.45,5.07,221.15,rubber
47,51,33,24.41,61.27,6.19,151.92,soybean
68,43,31,26.82,83.94,6.3,220.45,jute
67,53,54,27.04,69.94,6.16,71.82,chili pepper
68,40,80,30.2,38.18,6.57,28.84,pomegranate
72,44,63,25.51,70.44,6.76,78.1,chili pepper
54,55,42,16.49,48.7,7.34,87.93,barley
71,64,64,14.47,76.38,7.1,111.2,cauliflower
93,65,86,29.06,83.04,7.03,140.32,papaya
142,58,83,25.98,65.32,6.55,198.05,sugarcane
16,42,46,23.01,68.31,6.15,61.13,groundnut
83,46,69,21.63,79.09,6.29,211.76,coffee
74,44,45,15.15,52.83,6.22,71.82,mustard
163,54,85,24.52,76.01,7.27,226.08,sugarcane
67,69,72,15.1,68.07,6.95,80.85,garlic
114,29,111,24.0,71.13,5.49,196.45,coconut
35,63,99,26.09,65.37,6.47,65.22,grapes
46,55,49,17.16,61.35,6.34,108.73,kidney beans
63,61,61,19.95,59.39,6.51,79.83,wheat
38,69,48,16.44,67.09,6.47,66.42,wheat
98,51,134,23.53,91.04,6.31,160.31,coconut
101,37,95,27.96,70.72,6.04,149.74,cocoa
104,46,67,27.48,58.19,7.18,128.48,cotton
103,39,77,20.0,83.29,5.64,178.08,coffee
83,28,88,26.77,70.57,5.54,228.68,black pepper
84,29,111,24.51,89.53,6.14,204.88,coconut
107,46,57,20.51,74.48,5.26,255.33,tea
103,80,118,19.61,76.56,6.37,110.19,potato
46,35,35,30.6,67.98,6.05,81.96,cashew
81,63,54,23.69,54.5,7.1,61.8,chili pepper
56,47,45,33.28,56.14,6.33,106.36,cashew
41,64,48,27.18,51.95,6.09,68.9,watermelon
61,54,70,29.54,54.05,6.66,77.94,pomegranate
40,28,40,30.91,47.09,8.06,39.84,pearl millet
78,63,67,12.36,78.45,6.29,65.79,cabbage
86,53,60,18.73,67.63,6.13,64.83,garlic
142,61,90,25.35,85.6,6.39,214.52,sugarcane
78,43,72,21.39,58.01,6.31,100.33,sunflower
144,74,83,31.84,85.75,6.29,213.25,sugarcane
79,58,94,17.68,68.41,6.4,72.36,onion
111,46,80,21.66,86.14,5.47,183.74,coffee
100,46,53,33.79,66.28,7.44,92.58,cotton
32,19,21,30.54,39.99,7.22,53.68,pearl millet
79,54,66,31.13,50.83,6.63,31.52,pomegranate
80,65,58,15.34,68.2,6.13,87.42,cabbage
47,29,33,30.31,77.12,6.41,194.05,jute
47,56,28,17.7,50.14,6.59,116.23,kidney beans
42,40,55,26.2,66.46,5.62,83.79,watermelon
57,59,20,17.35,53.7,7.49,76.82,barley
50,36,38,30.4,46.49,7.58,38.9,pearl millet
50,53,60,34.48,58.02,6.81,50.15,pomegranate
66,59,79,14.46,60.96,5.84,109.14,apple
40,48,48,19.83,55.53,6.93,95.69,wheat
94,53,80,26.24,51.49,6.21,123.37,mango
78,73,71,19.42,55.69,6.84,91.67,onion
65,61,69,20.39,68.69,6.41,40.06,garlic
87,38,100,29.74,70.91,5.65,212.08,black pepper
78,52,94,22.2,74.38,6.49,189.89,cocoa
64,67,69,15.12,62.29,6.56,81.39,cauliflower
53,62,50,24.41,50.31,6.87,70.78,kidney beans
95,56,85,30.25,96.4,5.77,231.91,rubber
96,69,78,16.59,68.05,6.68,104.61,cauliflower
41,47,47,16.41,56.04,7.6,68.33,barley
51,44,37,14.86,61.82,6.78,53.2,barley
139,57,94,24.68,86.39,6.28,206.56,sugarcane
32,35,43,18.82,63.43,7.52,99.66,barley
100,26,108,25.02,69.59,6.2,200.27,coconut
84,38,34,23.14,90.48,6.68,231.55,rice
98,38,67,23.61,83.47,6.18,201.14,coffee
84,64,85,16.08,59.07,6.25,66.07,cauliflower
11,72,37,17.96,38.15,6.89,33.98,chickpea
44,31,42,30.06,33.48,7.05,67.04,pearl millet
88,53,86,20.19,72.2,6.74,114.65,cauliflower
120,54,53,28.39,67.09,7.8,114.38,cotton
34,64,24,20.14,50.23,7.3,37.73,chickpea
78,58,78,19.68,61.21,6.04,73.32,tomato
96,26,94,22.56,70.28,6.16,218.4,black pepper
57,35,65,23.73,65.39,6.84,61.75,sunflower
105,46,144,28.48,79.93,6.21,165.22,banana
66,50,36,18.18,57.62,6.56,31.49,mustard
54,65,90,25.21,65.24,6.78,59.54,grapes
71,52,67,21.91,61.13,6.43,52.8,onion
86,51,64,14.48,70.93,6.32,61.43,garlic
102,40,86,24.59,77.55,4.75,228.67,rubber
17,46,57,26.44,70.42,6.43,83.79,groundnut
14,46,35,27.58,75.33,6.88,110.92,soybean
46,55,41,23.44,65.65,6.26,148.75,soybean
88,75,116,15.76,78.88,5.5,90.74,potato
79,64,95,25.66,83.22,6.62,153.62,papaya
97,61,80,17.46,75.71,6.76,63.13,cabbage
67,40,24,26.72,47.61,7.01,63.03,sorghum
52,53,66,28.83,48.04,6.13,97.53,sunflower
84,51,100,22.6,89.42,5.71,220.37,black pepper
82,61,63,23.51,72.21,6.55,95.9,tomato
63,36,29,24.94,69.18,6.13,114.72,maize
85,33,57,25.08,70.18,5.96,201.58,rice
83,50,88,29.76,64.62,6.95,126.62,papaya
138,55,62,33.61,76.99,7.41,101.17,cotton
50,53,80,24.69,54.47,6.71,51.05,grapes
67,69,75,15.58,59.42,6.63,115.4,apple
42,49,85,24.58,63.56,6.51,52.67,grapes
121,42,50,28.89,71.15,7.35,130.6,cotton
68,67,63,17.32,63.45,6.08,113.55,apple
55,28,59,28.33,76.17,6.52,191.63,jute
28,50,41,25.32,62.46,5.86,54.95,groundnut
110,49,141,27.81,79.51,6.41,180.39,banana
39,59,35,28.55,55.67,6.24,51.36,groundnut
34,69,38,21.57,50.39,5.78,114.53,kidney beans
19,53,31,18.29,61.5,6.72,62.1,kidney beans
90,85,118,20.19,82.13,5.34,111.77,potato
46,51,53,22.21,69.53,6.89,65.27,sunflower
67,21,56,27.66,74.92,7.18,182.3,jute
27,48,60,28.82,63.97,5.83,80.7,watermelon
108,26,78,19.83,71.13,5.94,179.96,coffee
100,43,103,24.4,58.91,6.47,117.11,orange
109,64,97,22.94,89.87,5.67,153.27,cocoa
17,70,41,23.61,38.04,7.19,70.94,chickpea
88,65,74,24.48,67.98,6.91,84.32,tomato
124,53,51,30.18,63.81,7.13,136.61,cotton
61,48,73,28.15,70.4,6.43,106.75,sunflower
68,44,87,20.35,67.75,6.19,71.63,orange
157,73,86,30.1,76.77,6.84,198.88,sugarcane
109,54,114,28.64,79.37,5.75,211.64,coconut
113,56,81,21.21,93.16,6.05,187.08,cocoa
30,71,47,20.05,63.41,6.37,111.37,kidney beans
96,42,69,21.32,65.38,5.99,179.49,coffee
154,52,100,25.28,70.86,6.89,193.76,sugarcane
66,55,74,25.99,65.32,6.38,63.49,grapes
126,64,120,29.61,70.05,6.38,160.73,banana
73,39,28,22.75,80.13,5.93,206.93,rice
83,46,118,30.94,87.29,5.75,203.34,coconut
53,50,82,21.34,64.6,6.55,65.09,tomato
30,63,19,19.29,54.48,7.43,25.2,chickpea
101,44,94,23.79,72.49,6.7,184.7,cocoa
77,44,81,35.18,47.37,6.77,28.14,pomegranate
54,65,35,21.36,58.15,6.83,60.01,kidney beans
167,71,100,26.0,78.24,6.86,182.51,sugarcane
44,53,83,25.08,49.52,6.84,49.8,grapes
79,63,91,21.3,61.04,6.84,69.84,onion
27,78,40,23.26,63.82,6.23,94.62,kidney beans
87,34,123,30.55,89.8,5.83,163.88,coconut
114,58,93,21.85,87.9,6.06,184.23,cocoa
43,46,28,12.54,45.36,7.27,69.23,barley
59,61,83,13.53,58.17,6.42,142.8,apple
74,47,72,30.79,56.63,6.79,61.63,chili pepper
55,43,68,35.33,54.75,7.27,38.04,pomegranate
67,46,84,22.3,60.78,6.25,119.66,orange
12,48,34,23.6,79.23,6.63,132.85,soybean
107,54,92,31.48,78.86,7.13,173.63,papaya
80,62,70,24.42,73.54,6.39,158.55,cocoa
104,40,86,23.27,83.12,6.15,209.2,coffee
39,47,17,17.07,57.68,6.49,54.07,chickpea
123,38,51,31.66,69.87,7.14,126.24,cotton
50,54,83,20.05,63.88,5.98,56.55,grapes
39,36,30,29.85,95.8,6.26,182.75,jute
17,59,32,18.94,44.12,6.52,54.43,chickpea
69,41,97,23.69,64.83,6.7,93.1,orange
61,70,85,17.64,59.01,6.86,58.65,cauliflower
19,53,54,23.12,58.29,7.0,153.95,soybean
57,30,41,25.95,43.53,7.57,73.22,sorghum
75,78,65,16.73,67.71,5.63,143.01,apple
70,40,80,26.37,69.07,6.52,84.07,mango
82,63,89,25.21,63.69,6.87,90.28,tomato
68,47,35,22.96,70.32,6.73,109.06,maize
85,66,124,17.37,74.14,5.32,80.48,potato
106,37,138,29.42,87.3,5.93,175.88,banana
99,33,74,23.68,85.34,4.88,212.43,rubber
74,43,44,26.46,53.83,6.92,73.45,sorghum
102,29,68,20.83,78.97,6.3,207.09,coffee
103,44,70,18.51,77.16,5.69,245.54,tea
46,48,48,24.3,77.32,6.7,222.02,jute
90,42,76,32.41,57.92,6.69,102.53,mango
151,52,97,25.53,71.57,7.14,226.95,sugarcane
105,48,65,23.51,91.12,4.84,255.55,tea
73,57,28,23.01,56.89,6.8,121.27,maize
110,54,61,29.87,63.45,7.48,101.1,cotton
58,51,63,24.24,49.56,6.79,64.44,watermelon
52,56,96,28.0,62.6,7.03,84.9,grapes
42,20,53,30.04,70.48,6.33,80.81,cashew
84,41,56,24.15,65.77,6.49,63.41,chili pepper
94,66,65,29.24,52.51,6.23,59.85,chili pepper
87,43,87,23.88,75.98,6.18,110.93,orange
30,34,30,25.44,75.14,6.88,218.21,jute
94,36,25,27.37,73.69,6.49,109.4,maize
42,40,31,29.22,68.64,6.15,149.3,soybean
93,44,89,27.62,73.96,6.56,183.8,cocoa
87,41,79,27.0,48.33,6.33,75.95,mango
113,33,84,23.13,77.33,5.43,202.21,coffee
51,61,42,25.23,60.08,6.36,79.38,watermelon
86,61,94,23.05,64.18,6.06,93.77,onion
41,48,47,21.52,64.26,7.28,101.93,wheat
71,69,52,25.09,55.25,6.27,83.83,chili pepper
109,25,68,22.32,86.32,6.04,209.81,coffee
118,20,76,21.55,85.81,6.43,160.96,coffee
47,28,58,28.34,92.07,7.05,169.86,jute
56,38,44,34.89,70.54,6.79,99.2,cashew
54,34,33,14.65,45.1,6.47,87.65,barley
35,20,39,30.7,48.15,7.59,65.93,pearl millet
81,34,82,31.88,39.64,7.06,39.54,pomegranate
40,46,54,28.12,50.98,6.58,57.38,cashew
63,38,25,17.46,47.49,6.61,70.83,barley
72,41,29,22.04,60.87,5.81,119.82,maize
80,73,75,17.65,66.26,6.26,104.84,cauliflower
54,55,55,26.51,59.44,6.7,96.28,sunflower
107,53,81,21.17,89.84,6.52,183.67,cocoa
80,48,33,28.69,52.08,6.63,36.98,sorghum
96,59,78,22.48,70.05,6.46,58.9,onion
13,56,35,29.08,66.87,6.53,110.8,soybean
98,63,78,21.72,93.87,5.82,168.1,cocoa
124,37,49,30.41,66.25,6.71,144.54,cotton
102,68,117,15.26,82.54,5.32,122.08,potato
160,55,87,28.56,67.67,6.86,179.41,sugarcane
105,57,85,26.11,75.63,4.83,206.27,rubber
109,67,107,32.3,63.2,6.36,164.34,papaya
42,63,59,28.26,66.62,6.65,124.08,soybean
82,71,105,15.23,79.43,6.21,128.41,potato
93,63,72,18.83,75.65,6.07,61.55,cauliflower
36,18,16,35.03,46.16,6.93,38.82,pearl millet
29,66,19,23.62,50.55,7.34,63.25,chickpea
87,73,63,12.33,58.85,6.71,99.02,cabbage
120,52,81,21.89,74.49,4.77,237.44,tea
43,68,81,18.2,57.77,6.04,124.45,apple
72,37,83,32.3,45.83,6.43,72.12,pomegranate
91,53,95,30.97,54.78,7.1,115.02,mango
81,51,74,17.2,68.58,6.32,105.16,cauliflower
45,48,83,35.43,46.99,6.69,30.48,pomegranate
75,30,27,14.02,49.21,7.17,70.78,mustard
71,47,83,31.36,62.97,6.52,133.0,mango
52,33,39,18.57,45.36,7.24,33.06,mustard
74,33,38,25.71,73.52,6.16,199.26,rice
89,48,80,12.58,76.32,6.83,110.44,cabbage
64,39,41,16.17,62.91,7.4,55.8,barley
123,55,138,26.56,77.48,6.78,150.64,banana
54,64,87,23.27,43.93,7.01,68.09,grapes
40,69,41,27.5,63.13,6.01,81.14,watermelon
29,45,29,17.06,43.43,7.22,20.56,chickpea
71,57,38,24.27,60.43,6.77,103.14,maize
119,32,46,29.46,60.74,6.9,90.48,cotton
82,49,67,28.47,52.79,6.06,83.26,chili pepper
42,65,54,19.82,60.92,5.95,65.94,kidney beans
73,68,77,21.78,78.29,6.64,103.82,tomato
84,38,85,25.96,63.02,6.49,103.95,orange
72,39,65,28.56,61.11,6.74,38.98,pomegranate
94,51,37,21.13,68.2,5.84,119.77,maize
76,48,32,24.04,91.75,6.67,228.42,rice
76,37,72,32.64,53.73,6.97,55.76,pomegranate
83,69,68,12.45,60.92,6.59,118.96,cabbage
112,39,74,29.23,65.35,7.79,124.46,cotton
72,62,92,19.44,75.64,6.42,103.95,onion
129,57,119,30.82,81.78,6.86,138.19,banana
56,41,71,28.62,56.33,7.21,34.21,pomegranate
103,47,115,28.68,68.69,6.38,168.34,coconut
81,41,86,23.33,75.99,6.87,114.15,orange
74,67,81,18.35,71.63,7.29,60.89,cabbage
20,58,33,18.47,55.8,7.29,27.17,chickpea
113,38,92,23.71,86.98,5.84,173.83,cocoa
79,53,85,26.41,75.06,6.09,204.75,black pepper
80,36,80,23.38,84.49,6.26,191.86,black pepper
74,67,73,15.43,59.81,6.17,81.12,garlic
94,66,122,17.64,63.07,6.01,124.41,potato
45,24,51,29.06,96.41,6.34,172.63,jute
79,65,69,22.85,76.61,7.08,91.73,onion
10,55,35,27.66,68.92,5.75,60.22,groundnut
33,39,30,13.75,61.06,7.04,99.8,barley
101,45,62,32.96,73.98,7.13,116.56,cotton
72,44,43,27.82,71.78,7.05,199.81,rice
99,47,83,18.42,90.35,4.61,264.22,tea
63,35,51,20.96,51.23,7.28,46.56,mustard
48,79,41,19.7,64.27,6.89,105.46,kidney beans
102,61,86,27.64,92.06,6.2,187.56,cocoa
73,47,65,24.89,62.7,6.05,62.65,onion
40,42,36,13.04,57.02,6.71,59.83,barley
46,44,56,32.93,48.18,6.35,68.44,cashew
108,49,76,19.17,92.59,5.49,259.7,tea
69,34,26,26.29,58.0,6.63,32.59,sorghum
101,89,114,22.67,75.09,6.03,89.34,potato
49,60,68,28.99,57.94,6.5,93.62,sunflower
82,61,84,19.33,75.26,6.56,114.39,tomato
142,63,87,29.52,71.44,6.25,227.2,sugarcane
30,55,54,24.79,66.55,6.16,85.38,watermelon
63,56,48,27.23,70.51,6.94,68.12,sunflower
56,27,59,27.74,69.64,6.31,100.19,cashew
60,75,89,24.43,60.29,7.06,102.14,tomato
58,51,48,17.98,55.54,6.7,49.87,mustard
52,44,55,26.38,69.99,7.06,98.74,sunflower
82,65,64,16.05,75.9,7.11,62.91,cauliflower
109,62,94,29.63,86.11,6.74,140.12,papaya
30,51,46,15.7,51.61,6.77,73.1,barley
88,60,86,21.81,68.17,6.5,100.62,orange
101,58,89,24.76,67.54,6.71,100.29,orange
61,26,37,25.43,57.18,7.17,62.45,sorghum
107,53,54,23.96,71.79,6.9,237.21,rice
65,40,43,26.08,68.73,6.01,121.37,maize
79,40,66,24.36,55.43,7.02,86.78,sunflower
24,37,52,29.69,68.79,6.33,92.08,groundnut
50,39,45,19.59,52.53,6.32,55.69,mustard
33,22,47,29.39,65.09,6.95,86.49,cashew
91,41,76,15.04,52.13,6.06,53.44,garlic
83,72,80,22.92,71.86,6.22,79.85,tomato
14,47,31,20.8,52.58,7.33,61.43,chickpea
52,39,49,30.42,43.52,6.98,87.33,sorghum
66,39,86,26.93,60.28,6.38,117.47,orange
77,45,91,26.79,63.53,6.6,83.27,mango
102,34,61,28.43,76.85,6.74,130.87,cotton
95,29,77,20.85,82.98,5.26,253.25,tea
73,69,73,25.31,71.27,6.5,91.13,chili pepper
70,47,87,26.45,75.52,5.93,198.6,black pepper
112,47,60,22.85,94.53,5.59,255.92,tea
34,58,60,28.93,54.6,6.19,35.4,watermelon
65,67,82,11.52,55.32,6.01,86.18,apple
119,58,72,25.5,75.16,4.8,248.8,rubber
102,55,135,29.71,83.0,6.78,150.37,banana
86,72,102,25.29,68.27,6.24,166.79,papaya
155,53,103,27.86,82.31,7.02,192.85,sugarcane
60,73,88,13.68,64.0,6.65,75.25,cauliflower
63,68,84,21.64,66.03,6.88,106.57,tomato
74,47,53,29.55,61.61,7.09,100.12,chili pepper
107,36,94,20.87,72.56,5.63,162.33,coffee
32,57,60,26.57,50.24,5.77,74.61,watermelon
97,40,90,26.17,54.91,6.43,95.63,mango
101,55,87,26.16,69.88,6.71,102.29,orange
63,79,66,14.12,61.74,6.57,91.0,apple
19,54,27,21.76,44.51,6.49,42.37,chickpea
42,70,56,16.4,55.42,6.69,89.14,wheat
124,38,117,30.95,70.34,6.1,165.52,banana
84,48,69,25.73,83.64,6.27,213.8,coffee
99,33,87,25.0,85.94,5.62,212.07,rubber
114,36,74,30.27,75.42,4.92,261.9,rubber
107,59,124,29.48,69.15,6.7,184.92,banana
107,62,129,25.19,69.07,6.98,185.49,banana
95,46,84,19.6,72.36,6.83,64.84,cabbage
63,47,63,21.44,60.41,6.27,109.79,sunflower
34,68,52,29.44,58.86,5.7,72.12,watermelon
99,41,61,23.78,80.14,4.95,237.44,tea
112,59,91,21.61,70.05,6.72,153.92,cocoa
134,54,47,33.05,58.85,7.16,121.62,cotton
114,59,66,28.77,74.05,4.93,238.03,rubber
122,53,128,27.41,66.97,6.31,162.81,banana
83,35,103,29.94,73.8,6.37,186.56,black pepper
135,68,75,28.43,71.85,7.16,208.1,sugarcane
85,49,99,26.62,71.09,5.96,233.64,black pepper
112,52,119,25.49,76.7,6.38,208.38,coconut
72,65,78,20.28,60.96,6.0,92.25,garlic
75,45,66,31.6,51.4,6.85,59.65,pomegranate
42,57,94,22.02,50.25,7.06,84.51,grapes
97,30,75,22.18,80.28,5.38,227.01,black pepper
88,58,80,22.93,71.82,6.19,77.56,tomato
53,61,28,24.41,52.22,6.57,78.39,kidney beans
96,40,72,25.56,74.14,4.75,208.13,rubber
65,49,80,20.12,66.87,6.13,85.89,onion
93,57,45,24.21,68.5,6.31,96.71,maize
134,44,71,30.59,64.27,7.13,96.06,cotton
118,51,57,31.24,56.7,7.16,143.15,cotton
139,45,53,26.8,57.66,6.87,95.77,cotton
101,45,77,23.91,60.28,6.66,84.06,orange
108,50,63,23.36,86.59,5.65,246.63,rubber
129,39,66,28.17,59.03,6.74,96.56,cotton
72,63,74,23.3,62.61,6.48,91.52,sunflower
77,41,24,32.72,38.13,6.71,38.72,sorghum
66,51,98,29.77,68.64,6.9,87.08,mango
68,54,80,33.42,61.34,7.23,44.92,pomegranate
96,42,96,26.1,63.66,6.77,106.41,orange
64,78,69,19.02,76.58,6.78,98.86,tomato
80,40,22,26.07,49.45,6.88,81.54,sorghum
92,54,133,30.33,69.27,6.38,172.7,banana
27,53,56,27.26,43.63,6.02,40.58,watermelon
97,37,32,28.66,76.08,6.01,200.8,rice
58,55,80,16.22,51.18,6.34,86.47,garlic
76,47,81,31.69,57.01,6.78,36.27,pomegranate
43,78,76,12.12,50.69,6.48,140.98,apple
33,67,53,28.77,78.66,7.15,117.42,soybean
108,68,120,21.47,75.55,5.23,78.72,potato
79,51,45,28.06,53.71,6.81,88.54,sunflower
71,59,62,16.37,81.6,6.69,92.96,cauliflower
41,21,15,30.99,42.88,7.57,38.69,pearl millet
52,52,62,31.07,43.38,5.85,41.05,watermelon
65,57,53,15.24,70.32,7.24,123.57,wheat
59,68,59,11.8,49.27,5.68,125.69,apple
84,60,43,21.21,54.64,6.33,93.17,maize
80,67,88,13.78,65.14,6.41,88.85,cauliflower
112,29,64,20.16,75.79,4.85,259.99,tea
86,47,89,24.1,74.68,6.66,45.01,onion
105,37,83,29.91,96.86,5.0,254.24,rubber
80,72,116,20.99,70.17,6.04,121.64,potato
66,52,82,20.16,55.76,6.19,39.44,garlic
91,25,121,26.56,84.12,5.5,185.71,coconut
99,54,89,26.91,81.12,5.39,219.5,black pepper
40,54,51,15.11,53.55,7.03,107.39,wheat
50,46,42,20.79,58.96,7.16,105.05,wheat
84,39,72,28.34,55.62,6.77,116.92,sunflower
83,62,54,25.34,52.96,6.27,92.48,sunflower
35,66,43,24.12,63.99,6.08,110.4,soybean
41,41,59,26.24,76.4,7.2,153.44,soybean
69,36,88,22.26,64.62,6.29,84.02,orange
108,52,28,26.77,84.36,6.54,211.01,rice
32,32,35,15.33,55.89,6.51,53.27,barley
23,74,44,23.47,41.17,7.43,54.1,chickpea
91,71,78,17.24,64.41,6.32,72.67,onion
36,69,88,25.41,59.74,6.67,60.68,grapes
77,51,69,17.33,66.35,6.03,91.52,cauliflower
96,58,65,20.86,65.0,6.13,100.42,onion
88,50,86,21.11,64.97,6.31,96.4,orange
49,40,67,25.9,54.4,6.78,73.85,sunflower
90,37,132,25.85,74.96,6.04,211.18,coconut
56,72,89,21.99,59.5,6.76,81.48,grapes
76,49,44,27.23,80.73,5.9,214.45,rice
91,63,77,18.44,65.23,6.56,72.0,onion
40,36,36,29.86,36.62,7.49,35.51,pearl millet
29,64,48,24.17,54.08,6.68,61.98,groundnut
93,55,29,25.64,63.77,5.81,79.75,maize
95,65,67,15.41,61.31,6.63,113.83,cabbage
33,33,52,27.26,54.96,6.4,68.37,cashew
114,40,83,27.23,81.92,5.48,217.6,rubber
136,53,63,31.29,75.41,7.11,117.67,cotton
81,61,70,27.01,82.08,5.61,194.96,cocoa
69,62,63,21.13,62.7,7.06,95.29,wheat
89,60,88,18.15,73.92,6.89,101.28,onion
19,48,54,30.06,57.0,5.92,74.09,groundnut
50,49,40,18.08,45.97,6.24,47.35,mustard
48,58,41,17.79,69.63,7.16,75.18,wheat
116,49,87,21.47,65.36,6.16,207.35,coffee
111,27,128,29.06,69.02,5.53,202.58,coconut
84,33,134,23.53,85.89,6.1,188.93,coconut
16,42,55,24.36,65.65,7.14,99.45,soybean
115,30,70,27.45,58.09,7.56,105.42,cotton
113,27,89,21.85,82.36,6.3,175.32,coffee
59,47,74,23.75,46.71,6.13,45.77,grapes
102,43,82,23.7,88.75,6.43,162.21,cocoa
86,50,58,27.77,65.61,6.01,80.19,chili pepper
66,74,85,18.07,54.72,5.92,88.28,onion
84,35,99,21.14,83.4,6.75,200.25,cocoa
75,42,97,24.49,87.06,6.34,204.27,black pepper
86,54,82,19.5,74.41,6.29,56.55,onion
54,20,15,28.4,45.84,7.12,21.14,pearl millet
76,41,34,24.21,69.41,6.35,254.12,rice
19,66,17,20.29,52.79,6.73,38.59,chickpea
107,31,31,21.86,81.28,6.23,231.29,rice
83,59,83,26.78,53.01,6.92,98.93,orange
68,26,52,25.8,81.47,6.42,205.81,jute
26,36,47,14.89,54.27,6.95,42.79,barley
72,59,61,19.87,56.28,6.77,80.33,garlic
29,35,58,26.06,60.31,5.75,82.4,groundnut
67,60,70,17.12,56.15,6.34,106.8,apple
60,68,59,17.97,71.85,6.92,49.28,garlic
108,63,116,15.94,65.74,5.33,81.92,potato
90,59,79,16.56,69.37,6.52,97.11,cabbage
79,72,111,15.0,65.18,5.93,107.14,potato
55,26,46,17.58,47.56,7.07,38.34,mustard
15,45,53,23.57,75.33,5.95,79.48,groundnut
48,15,42,35.58,44.45,6.91,40.83,pearl millet
65,64,97,23.18,57.07,6.98,76.11,grapes
83,70,85,21.93,60.5,6.88,87.77,onion
78,61,75,12.22,62.93,5.72,89.59,apple
98,31,36,28.75,81.9,6.55,239.88,rice
67,56,88,25.27,54.4,6.4,56.28,grapes
73,35,26,26.36,38.87,6.89,30.02,sorghum
33,60,53,16.68,67.64,7.1,105.37,wheat
24,48,43,28.58,57.55,5.92,70.86,groundnut
104,58,91,22.39,74.88,6.34,70.06,orange
91,38,141,30.68,83.95,7.01,151.98,banana
89,70,73,22.8,60.57,6.54,57.5,onion
72,53,48,26.84,63.1,7.28,89.02,sunflower
61,70,61,15.68,53.99,6.32,111.81,wheat
25,40,50,23.38,63.15,6.22,111.79,soybean
76,85,114,16.36,71.58,5.73,107.31,potato
13,60,35,29.58,69.55,6.03,83.22,groundnut
52,47,50,26.21,65.5,6.47,41.77,watermelon
80,61,97,23.16,88.97,6.37,159.94,cocoa
93,45,40,25.67,80.55,7.02,207.26,rice
111,44,65,17.43,85.89,5.23,268.67,tea
44,22,24,28.0,52.57,7.92,35.63,pearl millet
87,65,61,20.2,74.93,6.75,71.79,cauliflower
47,57,30,19.4,67.98,6.85,96.13,kidney beans
87,45,90,25.65,76.72,6.03,159.25,papaya
127,61,118,26.54,78.73,6.07,142.01,banana
14,46,16,22.31,50.16,7.15,50.06,chickpea
114,62,126,29.47,77.0,5.91,142.99,banana
139,39,63,30.88,70.76,7.74,97.47,cotton
94,54,102,24.27,88.2,5.68,228.75,black pepper
32,43,40,26.47,51.64,5.92,42.95,watermelon
50,26,35,29.4,56.44,7.74,42.6,pearl millet
84,45,83,26.24,69.97,6.05,81.77,orange
70,60,41,25.82,65.67,5.93,92.29,maize
73,59,109,29.74,78.03,6.4,130.02,papaya
9,74,19,20.24,38.2,7.18,46.41,chickpea
93,43,82,32.15,53.89,7.17,95.48,mango
142,46,87,30.35,73.97,6.33,229.31,sugarcane
78,55,54,23.52,83.73,6.37,249.87,rice
76,42,72,22.14,85.06,5.62,202.98,cocoa
63,55,33,25.79,68.76,6.89,127.4,maize
84,69,57,26.89,56.74,5.92,71.16,chili pepper
24,54,33,19.71,52.2,6.99,66.36,chickpea
20,78,50,21.0,58.94,6.42,68.75,kidney beans
127,36,125,29.67,77.64,6.49,185.75,banana
41,79,67,12.81,65.83,5.71,135.65,apple
64,31,84,23.76,85.47,6.33,191.06,black pepper
47,46,58,30.1,53.01,6.63,59.5,cashew
140,52,88,31.97,69.85,7.3,204.47,sugarcane
27,48,49,26.8,62.79,6.03,105.25,soybean
98,47,68,23.51,71.51,6.35,74.66,onion
52,60,68,23.31,65.77,6.74,72.36,tomato
99,60,65,17.65,67.37,6.18,99.36,cabbage
90,58,65,14.68,63.19,6.88,43.4,garlic
55,42,30,19.59,50.16,6.55,68.67,mustard
91,43,114,30.81,78.65,6.06,172.44,coconut
6,71,43,19.96,40.71,7.0,55.64,chickpea
55,59,66,14.68,48.79,6.27,136.62,apple
77,29,40,24.39,79.21,6.77,235.4,rice
71,47,35,24.78,71.94,6.58,78.95,maize
86,79,86,20.02,78.79,6.2,97.68,tomato
10,51,49,28.22,57.71,6.44,94.14,groundnut
45,42,47,20.52,65.2,6.88,31.06,mustard
110,45,133,30.51,83.71,6.44,136.64,banana
51,43,35,25.94,49.57,6.76,66.21,sorghum
97,40,92,18.37,82.11,5.75,177.49,coffee
62,45,60,24.07,66.99,6.71,116.99,sunflower
111,52,75,17.1,87.78,5.3,239.55,tea
60,21,52,31.4,77.22,7.04,194.1,jute
71,51,82,28.71,87.08,5.7,189.49,black pepper
107,73,120,18.58,65.85,5.8,109.2,potato
46,34,40,14.09,63.43,7.26,26.74,mustard
69,51,80,23.95,66.84,5.86,104.21,orange
41,33,29,17.87,59.65,6.25,78.37,mustard
112,25,120,25.98,79.64,5.81,209.65,coconut
114,29,69,25.2,63.07,6.43,163.68,coffee
87,48,86,20.67,70.13,6.53,45.25,onion
28,65,41,28.03,49.94,6.58,78.89,watermelon
98,44,131,26.34,79.81,6.23,169.69,coconut
40,37,59,23.49,66.39,6.83,74.96,groundnut
82,55,71,26.06,63.13,7.06,133.77,mango
88,47,28,20.17,60.79,6.76,112.09,maize
95,30,71,29.44,62.82,6.34,88.45,mango
134,70,88,31.19,73.68,6.31,215.92,sugarcane
101,40,121,29.05,70.74,5.95,159.58,coconut
68,35,20,32.78,48.15,7.66,48.84,pearl millet
42,56,67,17.59,63.51,5.91,121.07,apple
117,41,60,28.73,73.39,7.59,91.33,cotton
93,59,78,30.02,64.29,6.98,76.96,chili pepper
88,54,69,26.58,62.82,6.28,112.87,tomato
46,30,21,17.36,61.57,7.44,65.45,barley
100,47,110,23.76,86.06,6.05,207.35,coconut
43,49,51,26.33,52.31,5.7,89.07,watermelon
35,58,15,23.66,42.86,7.23,27.91,chickpea
82,67,110,16.61,79.88,5.55,72.36,potato
99,63,90,21.57,62.35,6.61,96.88,onion
79,63,92,30.88,85.86,6.4,159.4,papaya
56,43,79,19.34,59.0,6.81,87.46,garlic
30,51,30,16.35,58.71,6.69,48.31,chickpea
37,47,59,22.25,67.71,6.54,139.88,soybean
101,63,107,30.0,76.89,6.1,118.64,papaya
108,54,78,22.21,86.86,5.47,260.01,tea
30,65,33,22.57,52.68,6.73,83.63,kidney beans
84,49,83,23.36,71.31,5.75,182.58,black pepper
114,87,117,17.19,86.13,6.36,97.17,potato
28,66,66,27.8,44.12,5.69,90.54,watermelon
80,67,75,21.76,58.59,6.03,79.96,tomato
100,69,114,20.3,69.48,5.93,78.23,potato
54,59,49,18.68,65.58,6.67,102.02,kidney beans
21,42,55,24.47,67.54,6.59,134.66,soybean
64,63,77,12.44,48.45,6.44,136.76,apple
72,59,50,25.01,56.41,6.24,101.54,chili pepper
113,50,53,33.56,72.53,7.26,112.29,cotton
88,23,90,20.94,81.3,6.09,203.43,coffee
96,38,66,28.9,86.65,4.96,223.29,rubber
95,27,36,22.79,85.68,6.71,248.53,rice
69,36,97,28.71,62.45,7.21,114.42,mango
54,75,79,24.42,61.94,7.08,69.63,tomato
95,67,85,16.41,65.75,6.38,65.7,cauliflower
41,59,41,24.27,63.32,6.73,75.09,watermelon
74,40,31,27.58,64.67,6.07,83.25,maize
71,54,110,25.52,66.06,7.1,141.52,papaya
64,30,84,25.06,81.83,5.54,213.62,black pepper
92,51,46,27.89,81.86,6.75,197.75,rice
57,70,75,22.35,61.31,6.36,66.15,tomato
64,50,81,25.63,47.75,6.12,101.91,grapes
39,64,77,21.69,61.08,6.69,50.37,grapes
61,22,33,32.94,58.82,6.8,79.82,sorghum
67,38,86,28.75,40.5,7.06,26.92,pomegranate
65,61,82,18.6,60.37,7.13,64.44,garlic
109,30,83,18.57,88.5,5.69,230.37,tea
107,51,70,23.78,84.52,6.04,149.99,cocoa
81,42,94,29.81,75.73,6.08,188.55,black pepper
36,49,26,18.44,54.79,6.68,59.33,chickpea
71,26,44,31.32,47.15,7.31,74.48,sorghum
76,52,27,16.1,52.54,6.59,41.57,mustard
168,59,89,31.39,75.46,7.16,218.62,sugarcane
35,66,49,30.04,46.36,6.79,78.45,watermelon
58,49,91,22.06,54.13,6.44,67.51,grapes
18,65,53,24.84,78.14,7.01,105.57,soybean
36,49,47,15.1,65.96,7.57,58.76,barley
52,66,74,27.43,64.66,6.82,58.22,grapes
81,64,79,18.51,62.23,7.01,95.4,onion
46,40,20,30.32,48.29,7.64,31.33,pearl millet
108,35,122,26.52,90.99,5.62,176.29,coconut
23,60,28,21.98,49.78,6.01,82.91,kidney beans
74,35,24,26.32,39.85,7.37,42.69,sorghum
30,48,30,17.91,49.81,6.47,79.82,chickpea
92,28,57,27.69,91.26,7.01,245.92,rice
61,37,63,22.96,61.14,6.84,93.45,sunflower
42,54,44,19.89,49.27,7.05,78.54,mustard
70,35,51,23.25,66.96,6.47,90.4,sunflower
118,44,75,24.33,63.33,6.04,182.29,coffee
77,56,82,17.16,67.04,6.67,99.54,cabbage
94,54,120,25.46,75.43,6.0,187.61,banana
104,27,92,19.14,74.07,5.7,170.32,coffee
81,63,49,26.41,56.32,6.1,113.47,maize
14,46,64,23.8,60.57,6.74,81.89,groundnut
123,42,75,28.85,84.51,5.32,264.88,rubber
93,46,53,27.88,64.08,6.14,97.91,maize
45,41,48,23.97,65.08,6.49,128.04,soybean
33,53,16,21.7,51.84,6.49,47.31,chickpea
58,38,18,29.86,56.56,7.85,60.4,pearl millet
85,58,59,24.94,60.29,6.05,82.6,chili pepper
58,52,54,27.02,60.19,5.96,66.36,chili pepper
98,48,84,30.95,71.37,6.63,115.43,mango
23,51,56,24.45,43.23,5.81,64.99,watermelon
29,69,44,19.38,41.17,6.48,42.98,chickpea
102,38,105,23.02,74.3,6.55,205.05,coconut
48,21,61,34.62,64.41,6.22,93.14,cashew
89,43,35,27.98,78.16,6.15,227.36,rice
83,48,90,32.53,59.71,7.06,106.7,mango
85,54,111,29.57,85.45,6.45,148.03,papaya
69,64,73,24.57,65.65,6.26,103.61,tomato
91,37,78,22.13,96.48,5.38,250.22,tea
15,60,54,29.91,53.46,6.74,88.96,groundnut
101,44,81,26.77,88.85,6.17,149.04,cocoa
123,54,128,31.64,80.26,5.91,193.19,banana
91,35,79,29.71,59.38,6.23,84.97,mango
103,88,113,16.61,77.98,5.55,90.72,potato
61,72,70,16.59,67.81,6.54,105.09,cauliflower
58,59,78,16.5,49.27,6.41,81.71,garlic
18,43,51,29.35,78.26,6.39,96.31,soybean
66,54,90,24.39,63.99,6.1,71.78,grapes
97,48,74,23.65,73.71,5.67,186.52,cocoa
45,59,96,20.98,46.26,6.54,88.52,grapes
64,57,81,20.04,66.69,6.42,85.34,cauliflower
73,55,69,19.87,58.1,7.15,82.89,garlic
33,58,40,29.61,69.55,6.39,104.46,groundnut
96,46,100,31.01,78.48,6.61,144.92,papaya
45,41,35,17.3,63.35,7.37,76.84,barley
51,22,29,32.9,41.78,7.5,27.63,pearl millet
53,52,65,13.86,56.43,6.39,99.86,apple
110,47,63,23.91,89.33,4.74,283.5,tea
57,16,39,31.81,48.12,7.44,35.08,pearl millet
70,54,54,27.65,75.38,5.97,247.68,rice
60,21,45,27.83,92.15,7.09,192.15,jute
70,33,77,26.47,88.95,5.99,219.12,black pepper
28,49,41,31.59,64.11,6.69,72.56,watermelon
86,33,78,31.89,58.88,7.38,123.32,mango
75,47,98,27.81,77.02,6.56,152.27,papaya
68,72,82,23.4,60.72,6.04,101.51,tomato
72,49,101,19.96,75.47,6.02,71.14,orange
111,52,111,30.21,72.43,5.82,160.45,coconut
63,42,79,23.48,48.32,6.16,99.11,chili pepper
96,37,75,23.23,76.99,6.18,224.2,black pepper
57,64,80,17.3,68.17,6.24,102.24,apple
15,64,41,27.04,73.47,6.7,110.53,soybean
78,56,82,25.47,59.5,6.02,107.32,tomato
127,28,55,18.51,76.63,5.43,249.62,tea
103,72,85,30.42,72.09,6.94,121.66,papaya
75,52,83,24.26,66.52,6.68,57.66,tomato
109,54,86,27.53,75.3,5.92,179.9,cocoa
112,41,76,23.49,94.92,4.81,277.93,tea
59,45,66,16.41,65.91,6.9,66.95,garlic
108,49,83,20.81,76.87,5.66,194.4,coffee
91,52,121,30.79,70.37,5.66,185.25,coconut
131,47,98,26.93,72.19,6.88,211.31,sugarcane
87,49,45,20.36,62.49,6.52,75.46,maize
92,64,92,28.37,80.39,6.53,129.59,papaya
51,62,27,19.03,58.21,6.53,92.15,kidney beans
100,61,132,28.67,89.32,6.53,169.25,banana
28,41,59,23.74,62.6,6.8,94.06,groundnut
102,72,106,19.38,74.39,5.38,111.71,potato
34,43,59,30.32,66.31,5.78,59.3,groundnut
77,47,77,24.09,57.88,6.96,92.4,orange
69,51,69,33.9,56.17,7.14,28.6,pomegranate
93,73,78,14.34,73.69,6.73,76.05,cabbage
25,56,33,25.84,78.74,6.78,136.23,soybean
64,32,60,34.34,51.1,6.34,105.69,cashew
88,34,35,25.49,74.31,6.6,248.87,rice
39,52,28,17.88,61.16,5.78,98.41,kidney beans
27,62,39,23.3,61.54,5.87,72.02,groundnut
30,61,64,16.8,63.6,7.14,104.11,wheat
37,63,56,30.86,45.29,6.23,37.55,watermelon
75,35,53,24.3,65.82,7.29,105.47,sunflower
33,33,42,35.98,48.0,6.97,53.67,pearl millet
47,25,52,31.34,57.16,6.91,96.31,cashew
79,70,109,19.57,79.01,5.7,114.87,potato
96,53,58,13.84,72.44,6.5,73.44,cabbage
93,40,84,24.81,83.46,6.43,177.8,coffee
47,45,43,14.99,59.64,6.61,32.74,mustard
88,54,96,30.56,80.18,6.59,131.1,papaya
93,52,87,30.43,54.98,6.78,104.17,mango
38,49,37,24.91,84.48,7.23,199.81,jute
48,64,67,28.5,66.23,6.27,43.05,watermelon
41,74,46,21.79,55.41,6.89,67.41,kidney beans
104,63,106,19.8,84.18,5.8,93.08,potato
83,33,99,27.16,91.16,5.62,176.8,black pepper
39,47,59,23.34,79.25,6.11,137.54,soybean
91,60,72,18.22,69.3,7.17,92.31,cauliflower
47,68,37,18.23,71.82,6.22,61.55,kidney beans
92,54,63,26.51,93.14,4.89,226.22,rubber
93,62,27,26.76,58.84,6.51,106.44,maize
28,67,56,30.2,52.14,6.24,56.56,watermelon
84,50,69,26.01,69.09,7.17,108.89,sunflower
31,38,29,32.77,41.91,7.01,24.46,pearl millet
154,47,84,32.0,80.25,6.83,221.15,sugarcane
72,72,99,26.86,64.72,6.78,62.63,grapes
65,35,88,26.81,57.98,7.39,93.22,mango
76,61,76,24.83,66.64,6.75,51.79,onion
91,48,94,24.2,90.44,5.95,213.3,black pepper
55,26,30,15.98,43.34,6.59,74.99,mustard
65,38,53,29.1,87.68,6.3,223.21,jute
69,61,63,14.92,71.29,6.41,122.75,wheat
66,51,87,20.29,58.61,6.73,103.48,cauliflower
127,61,121,31.58,88.15,6.68,172.6,banana
158,72,94,30.35,75.21,6.35,187.06,sugarcane
82,47,69,30.23,53.45,7.31,56.25,pomegranate
73,45,56,21.92,67.41,6.75,52.21,garlic
56,21,49,26.28,83.43,6.5,213.31,jute
82,64,60,18.55,73.78,6.3,104.5,cabbage
98,34,39,26.37,75.2,6.28,240.11,rice
65,53,81,15.19,63.37,7.12,74.88,garlic
113,61,101,20.15,72.68,5.48,97.55,potato
97,46,101,23.55,64.86,6.46,109.59,orange
50,31,72,33.68,49.39,7.12,81.35,pomegranate
87,33,21,26.77,39.92,6.65,53.06,sorghum
86,49,97,26.46,63.16,7.06,114.62,mango
72,62,73,17.35,62.88,7.07,113.6,cabbage
50,46,80,22.64,45.4,6.45,86.9,grapes
55,28,31,30.97,78.58,7.24,203.68,jute
69,73,69,18.08,81.55,7.07,103.96,cabbage
92,39,38,23.29,69.23,6.09,101.65,maize
93,42,134,23.98,88.11,6.27,171.71,coconut
58,27,38,26.25,40.56,7.7,70.55,sorghum
72,60,83,19.46,48.98,7.1,73.25,garlic
98,55,76,31.19,63.59,6.72,112.56,mango
15,67,42,19.19,65.89,6.65,70.87,kidney beans
40,53,36,19.68,46.46,7.21,94.85,barley
140,45,98,26.76,80.59,6.95,221.29,sugarcane
33,64,50,29.31,58.68,6.84,151.85,soybean
125,53,137,26.11,73.51,6.97,153.93,banana
65,47,35,27.82,58.83,7.18,58.93,sorghum
64,24,29,35.8,45.97,7.23,41.69,pearl millet
64,69,43,20.3,50.59,7.25,116.52,wheat
82,63,86,30.42,76.42,6.35,137.89,papaya
48,39,62,30.72,50.06,6.78,110.05,cashew
18,59,47,29.94,73.87,5.97,89.17,groundnut
62,28,20,33.51,41.6,7.06,68.92,pearl millet
20,73,22,18.09,45.56,7.36,62.04,chickpea
83,54,59,30.25,53.73,6.28,54.17,chili pepper
122,34,61,28.95,86.3,5.29,257.46,rubber
70,62,29,23.5,75.71,6.07,102.07,maize
94,49,51,27.16,56.24,6.63,76.01,chili pepper
76,49,65,29.34,47.98,6.53,44.63,pomegranate
80,50,41,24.38,90.98,7.09,228.35,rice
107,59,76,28.72,74.24,6.77,177.24,cocoa
96,52,117,27.45,85.05,6.31,163.22,coconut
79,59,99,21.86,57.25,6.72,111.82,orange
97,70,71,18.57,74.35,7.13,97.03,cabbage
113,22,67,23.91,82.48,6.07,190.19,coffee
80,62,35,25.82,72.65,6.78,89.18,maize
60,32,22,12.15,55.17,6.44,74.91,barley
117,26,58,18.45,82.73,5.2,278.71,tea
30,33,53,30.99,82.73,7.05,187.23,jute
81,51,78,19.99,65.62,6.71,46.7,garlic
118,34,65,23.47,92.09,4.93,232.31,tea
54,44,30,13.75,54.7,6.48,62.17,barley
60,70,63,17.35,65.94,6.86,101.2,wheat
96,27,86,27.94,71.13,5.74,212.89,black pepper
51,26,50,14.1,47.81,6.69,59.16,mustard
37,54,60,21.74,54.7,6.97,88.98,wheat
39,23,33,29.05,53.12,6.93,54.81,pearl millet
62,30,41,30.89,58.52,7.39,74.87,sorghum
79,63,80,25.93,72.84,6.71,200.19,cocoa
119,52,65,31.17,64.78,7.55,90.58,cotton
67,34,98,24.86,69.74,5.99,197.32,black pepper
64,22,55,27.91,96.9,6.81,215.22,jute
66,57,91,21.41,62.49,5.95,78.38,orange
143,48,86,31.12,80.84,7.27,198.2,sugarcane
83,54,109,30.47,69.59,6.85,174.88,papaya
33,57,43,14.03,66.51,6.96,80.72,wheat
43,67,46,20.02,67.97,6.5,69.91,wheat
87,39,36,23.0,90.16,6.43,246.68,rice
93,79,123,16.08,74.97,5.84,72.91,potato
90,52,82,25.62,86.64,6.5,187.19,cocoa
44,47,30,20.87,66.33,7.17,32.57,mustard
114,36,116,25.28,76.43,6.57,207.46,coconut
12,50,48,30.41,53.52,6.0,81.76,groundnut
55,43,60,18.73,51.63,6.54,83.47,garlic
86,70,76,25.33,66.63,6.97,87.21,tomato
53,47,34,27.83,59.46,6.92,86.83,sorghum
71,34,32,15.35,63.43,6.76,76.98,mustard
38,34,44,31.12,76.48,7.21,192.3,jute
42,48,35,29.85,54.78,6.38,66.69,cashew
69,51,73,22.37,69.62,5.99,70.1,tomato
62,66,54,23.1,59.39,6.3,60.65,chili pepper
69,49,65,29.99,59.6,7.28,52.47,pomegranate
73,64,88,21.26,62.62,6.4,82.25,onion
63,76,77,15.96,73.59,6.46,81.32,cauliflower
81,50,102,31.12,64.05,6.04,126.87,papaya
125,57,69,26.57,56.98,6.97,129.94,cotton
106,28,81,23.49,80.87,5.46,191.38,coffee
57,50,83,22.04,64.91,6.77,75.58,grapes
87,68,91,19.83,76.27,6.24,46.87,onion
60,63,63,26.0,53.46,6.39,69.16,sunflower
73,52,29,22.8,76.22,6.64,98.52,maize
58,68,74,20.68,70.81,6.77,77.48,garlic
51,70,52,15.18,51.06,6.57,118.94,wheat
58,51,54,16.11,59.72,7.29,115.77,wheat
79,51,68,16.07,77.85,6.1,71.75,cauliflower
114,41,80,29.96,96.32,4.9,250.04,rubber
94,29,68,18.06,77.47,5.48,272.45,tea
16,58,53,23.42,68.71,5.71,73.32,groundnut
100,35,74,22.42,79.46,6.33,149.17,cocoa
94,47,101,29.73,77.92,5.74,182.34,black pepper
165,68,94,25.46,86.19,6.72,229.64,sugarcane
37,23,37,31.83,68.32,5.93,71.93,cashew
41,46,47,23.4,65.36,6.83,102.64,soybean
81,30,77,31.15,60.7,6.69,77.23,pomegranate
57,59,73,21.1,78.7,6.53,93.35,tomato
20,72,42,23.44,68.4,6.55,87.45,kidney beans
47,49,50,15.0,53.95,7.3,67.28,mustard
66,32,44,25.16,83.99,6.48,165.26,jute
62,59,83,13.9,67.49,5.75,137.02,apple
62,39,18,34.15,38.98,7.83,41.58,pearl millet
102,58,59,32.58,62.62,6.69,122.77,cotton
78,36,74,25.15,57.49,6.98,93.46,sunflower
92,30,75,23.43,81.62,5.93,176.89,black pepper
65,59,78,26.74,61.24,6.83,120.42,mango
42,30,27,13.77,60.76,6.92,90.41,barley
136,43,48,32.66,64.96,7.46,115.53,cotton
26,56,25,16.11,65.76,6.6,97.38,barley
53,24,47,24.04,96.52,6.15,193.24,jute
68,27,88,27.03,82.24,5.23,217.45,black pepper
56,53,60,12.96,67.85,6.16,118.59,apple
46,44,53,29.54,77.95,6.87,196.39,jute
109,52,109,27.41,75.39,5.88,205.45,coconut
89,53,51,23.44,67.92,6.68,70.01,chili pepper
29,46,41,19.81,61.6,7.18,96.39,barley
28,44,56,27.61,54.88,5.77,96.25,groundnut
74,73,94,20.13,51.64,5.95,93.45,grapes
85,35,81,24.34,67.08,5.49,207.25,coffee
39,21,39,25.01,79.25,6.32,198.75,jute
76,46,40,20.2,62.21,7.01,62.22,mustard
87,41,90,25.26,57.6,6.61,129.52,orange
43,48,29,16.67,56.57,6.84,58.98,barley
77,47,34,26.6,55.65,7.65,42.41,sorghum
38,50,35,15.96,59.4,7.22,69.37,wheat
72,52,62,23.22,61.41,7.05,75.26,chili pepper
97,27,106,28.13,82.0,5.67,211.14,coconut
99,39,62,23.11,86.24,5.73,224.87,rubber
68,36,101,22.81,63.71,6.24,101.58,orange
80,38,82,31.45,61.29,6.57,119.56,mango
127,51,55,20.54,75.58,5.78,242.07,tea
41,41,52,25.97,80.86,6.8,218.51,jute
65,66,83,16.26,72.03,6.17,70.62,cauliflower
132,46,88,27.87,67.9,6.93,193.75,sugarcane
18,39,64,26.54,61.46,6.08,109.49,groundnut
96,58,123,30.02,81.7,6.04,164.45,banana
21,64,25,16.51,50.83,6.66,45.78,chickpea
150,74,81,26.82,64.21,6.79,227.94,sugarcane
89,42,107,27.63,68.34,5.66,166.49,coconut
95,81,96,16.31,66.37,6.06,113.29,potato
27,36,46,23.68,65.04,6.63,57.82,groundnut
64,75,74,18.53,64.58,6.55,99.38,apple
113,45,114,28.48,84.52,5.52,189.8,coconut
88,28,38,26.56,60.31,7.29,45.67,sorghum
155,62,94,30.14,73.0,6.97,204.88,sugarcane
53,32,47,20.37,64.53,6.22,74.04,mustard
61,62,50,25.2,71.99,5.97,92.21,maize
68,19,39,29.41,44.99,8.09,65.96,pearl millet
80,32,81,32.04,56.66,7.0,84.1,mango
77,44,71,28.54,43.25,6.76,60.93,pomegranate
71,54,78,17.94,56.58,6.23,45.92,onion
92,51,84,28.61,85.06,4.92,264.55,rubber
55,43,40,24.04,78.66,6.24,196.81,jute
36,38,49,33.44,51.42,6.94,87.83,cashew
102,49,104,25.59,56.46,5.95,112.67,orange
76,35,79,26.3,56.03,7.07,119.4,mango
69,49,46,31.95,49.78,7.78,84.96,sorghum
94,53,78,14.18,72.83,6.06,61.87,cauliflower
37,15,36,33.3,55.57,7.74,19.8,pearl millet
30,48,24,23.05,41.29,7.33,65.19,chickpea
95,41,86,26.81,80.65,5.32,191.68,black pepper
81,29,88,30.64,53.12,7.12,61.47,pomegranate
96,30,78,30.22,70.09,7.04,101.77,mango
84,45,48,25.5,60.47,6.86,89.55,sunflower
44,40,46,27.08,66.79,6.62,59.67,cashew
104,77,100,17.93,78.61,5.24,122.59,potato
29,60,33,23.95,53.42,5.71,82.63,kidney beans
41,30,37,28.43,66.53,6.21,83.4,cashew
90,60,62,17.74,70.47,6.77,90.36,garlic
100,38,94,21.82,77.12,6.21,195.19,cocoa
87,49,57,15.42,67.03,6.19,64.69,cabbage
113,29,106,25.56,89.08,5.56,164.8,coconut
60,70,53,14.97,71.61,7.14,85.83,wheat
27,49,42,18.19,53.71,6.7,42.31,chickpea
14,40,41,27.86,81.26,7.06,124.58,soybean
77,42,97,28.76,72.41,6.23,188.61,cocoa
53,69,75,20.47,47.39,6.81,60.56,grapes
70,56,100,19.94,58.1,6.37,114.79,orange
106,40,82,24.58,85.57,5.53,169.03,coffee
55,64,84,15.94,56.47,6.77,104.23,apple
79,35,30,22.86,70.42,6.23,233.14,rice
23,56,59,26.72,71.29,7.01,144.1,soybean
77,51,112,31.28,71.2,6.8,156.69,papaya
66,42,38,23.52,65.55,5.99,97.37,maize
58,34,43,27.31,51.74,6.46,93.41,cashew
43,49,31,25.69,62.03,6.69,144.3,soybean
118,34,58,23.33,80.08,5.34,238.15,tea
80,32,43,28.86,46.89,7.27,45.23,sorghum
77,42,78,19.79,57.04,5.97,85.33,orange
10,48,38,18.15,59.27,7.33,21.76,chickpea
68,46,93,31.22,64.74,7.27,121.89,mango
55,56,40,31.43,50.55,6.75,70.22,watermelon
81,30,73,27.37,59.45,7.03,127.13,mango
25,47,36,19.58,50.31,7.3,94.21,barley
22,47,33,23.26,74.47,6.99,136.81,soybean
82,61,50,30.83,68.55,6.69,58.5,chili pepper
78,38,49,15.16,53.0,6.97,36.28,mustard
70,61,69,15.16,68.89,6.01,90.63,garlic
91,33,71,28.88,74.27,5.57,263.47,rubber
79,57,71,12.58,62.45,6.98,114.66,cabbage
87,75,101,20.37,85.81,5.64,73.26,potato
90,32,55,27.96,75.16,6.67,231.54,rice
60,41,64,32.62,50.34,6.39,99.49,cashew
66,43,40,29.63,55.61,7.1,84.18,cashew
31,64,39,17.69,49.21,6.65,77.7,wheat
31,28,64,31.52,61.53,6.85,57.74,cashew
61,26,75,22.84,75.75,6.03,201.14,black pepper
71,57,88,25.0,63.84,6.1,62.59,grapes
22,72,20,22.43,61.55,7.54,24.14,chickpea
42,63,37,28.8,65.76,5.93,81.57,groundnut
77,56,96,29.8,86.45,6.29,117.77,papaya
159,54,76,28.37,82.52,6.41,221.75,sugarcane
52,71,69,12.08,65.18,6.18,91.56,apple
68,56,56,14.61,64.57,6.95,71.11,wheat
20,50,49,27.41,67.71,6.09,88.45,groundnut
96,40,79,25.28,64.76,5.5,191.5,coffee
76,45,54,23.75,55.31,6.78,77.16,chili pepper
73,67,91,29.8,78.83,6.01,138.04,papaya
68,43,37,27.75,55.53,7.02,64.69,cashew
100,37,126,31.58,68.82,6.76,161.11,banana
72,24,38,25.31,51.73,6.67,45.5,sorghum
49,44,71,26.82,66.37,7.16,84.84,sunflower
87,55,91,19.52,56.08,5.88,85.58,orange
86,79,77,20.36,67.14,6.07,73.07,tomato
21,45,44,27.75,53.58,6.07,109.26,groundnut
82,28,83,22.39,70.8,6.59,186.83,coffee
63,30,51,17.7,51.39,6.4,78.67,mustard
93,43,30,25.62,60.42,6.21,75.37,maize
90,66,74,17.25,62.93,6.5,59.26,onion
156,59,91,30.78,73.34,7.26,218.65,sugarcane
57,41,57,23.53,50.42,6.17,87.21,chili pepper
78,78,74,19.75,63.23,6.07,111.33,cauliflower
28,40,40,26.39,59.16,6.25,66.92,watermelon
70,36,40,22.48,63.85,5.87,124.9,maize
25,50,36,17.13,57.84,7.31,75.14,barley
83,48,88,25.93,60.81,6.76,109.87,orange
53,75,71,18.62,48.76,6.12,139.9,apple
60,74,83,18.45,54.04,6.66,99.28,apple
116,54,72,22.37,90.41,5.43,226.6,tea
162,47,104,29.14,73.8,7.02,195.67,sugarcane
39,17,23,29.89,43.37,7.36,23.75,pearl millet
126,48,135,24.95,83.13,6.13,186.72,banana
120,25,71,23.43,82.77,5.72,277.7,tea
109,71,111,25.52,66.47,7.11,162.69,papaya
44,74,64,15.67,57.36,6.5,99.16,apple
95,31,111,23.9,91.63,5.55,161.62,coconut
17,75,30,20.9,57.4,6.88,99.56,kidney beans
76,27,45,28.39,46.78,6.93,70.84,sorghum
32,56,35,29.9,79.16,6.59,113.54,soybean
74,50,83,21.62,73.32,6.18,75.1,onion
45,62,42,19.67,48.04,7.31,97.31,wheat
78,52,99,21.89,55.35,6.65,119.71,orange
95,50,40,21.51,77.16,7.1,226.75,rice
10,49,28,19.25,50.86,7.56,32.46,chickpea
74,36,82,34.85,47.52,6.41,31.88,pomegranate
59,31,61,33.4,43.19,7.24,75.19,pomegranate
138,49,69,31.66,63.45,7.48,142.93,cotton
108,49,66,24.06,73.92,5.89,260.75,rubber
42,61,35,16.3,58.32,6.9,104.28,wheat
75,70,79,27.0,71.32,6.49,63.42,tomato
107,46,113,28.46,86.88,6.33,155.81,papaya
55,66,84,27.41,65.57,7.06,67.39,grapes
39,68,58,25.13,81.86,7.16,96.94,soybean
73,35,26,24.02,58.66,6.99,97.49,maize
36,44,51,30.04,54.36,6.62,53.04,watermelon
84,35,32,26.2,40.31,7.17,66.88,sorghum
67,66,69,24.18,69.03,6.79,64.43,chili pepper
59,47,27,17.92,58.2,6.68,82.92,mustard
155,52,78,29.89,74.98,6.66,208.7,sugarcane
83,56,86,22.37,71.09,5.89,147.35,cocoa
49,58,40,14.57,64.98,7.53,63.15,barley
85,44,37,30.55,61.19,7.28,76.2,sorghum
62,63,61,21.87,58.23,6.06,103.91,tomato
70,25,52,18.18,57.43,6.21,40.14,mustard
43,60,57,17.41,59.41,5.85,132.74,apple
99,33,71,28.98,63.05,6.63,77.86,mango
71,25,39,27.92,53.68,7.6,61.0,sorghum
66,23,22,27.35,60.73,7.56,87.4,sorghum
110,26,59,18.66,84.37,5.15,261.38,tea
75,62,60,23.91,62.74,6.61,78.33,tomato
89,38,35,30.69,52.34,7.73,79.21,sorghum
67,43,49,26.56,54.59,6.73,91.48,sunflower
150,74,91,27.12,74.28,6.96,233.86,sugarcane
5,60,58,24.91,70.3,6.49,82.34,groundnut
110,53,75,25.24,84.39,6.42,154.01,cocoa
16,57,39,22.5,70.91,6.48,82.52,kidney beans
63,33,37,26.84,47.25,6.73,42.14,sorghum
76,71,106,27.72,76.31,6.21,116.29,papaya
64,62,69,13.23,66.43,5.73,100.04,apple
34,54,30,29.54,61.96,7.07,104.43,soybean
135,51,53,26.08,75.75,6.7,128.2,cotton
57,68,43,32.0,54.49,5.89,71.26,watermelon
